,id,premium,name,department,has_test,response_letter_required,area,salary,type,address,response_url,sort_point_distance,published_at,created_at,archived,apply_alternate_url,insider_interview,url,adv_response_url,alternate_url,relations,employer,snippet,contacts,schedule,working_days,working_time_intervals,working_time_modes,accept_temporary
0,70393612,False,Аналитик геоинформационных систем,,False,False,"{'id': '95', 'name': 'Тюмень', 'url': 'https://api.hh.ru/areas/95'}",,"{'id': 'open', 'name': 'Открытая'}","{'city': 'Тюмень', 'street': 'Комсомольская улица', 'building': '49', 'description': None, 'lat': 57.158428, 'lng': 65.550983, 'raw': 'Тюмень, Комсомольская улица, 49', 'metro': None, 'metro_stations': [], 'id': '329781'}",,,2022-09-27T09:15:53+0300,2022-09-27T09:15:53+0300,False,https://hh.ru/applicant/vacancy_response?vacancyId=70393612,,https://api.hh.ru/vacancies/70393612?host=hh.ru,https://api.hh.ru/vacancies/70393612/adv_response?host=hh.ru,https://hh.ru/vacancy/70393612,[],"{'id': '1075401', 'name': 'СибГеоПроект', 'url': 'https://api.hh.ru/employers/1075401', 'alternate_url': 'https://hh.ru/employer/1075401', 'logo_urls': {'90': 'https://hhcdn.ru/employer-logo/743033.jpeg', '240': 'https://hhcdn.ru/employer-logo/743034.jpeg', 'original': 'https://hhcdn.ru/employer-logo-original/82303.jpg'}, 'vacancies_url': 'https://api.hh.ru/vacancies?employer_id=1075401', 'trusted': True}","{'requirement': 'Опыт работы в ГИС (ArcGIS, MapInfo, QGIS и др.). Знание основ картографии и геоинформатики. Знание основ систем управления базами данных. ', 'responsibility': 'Сбор и подготовка требований к созданию геоинформационных систем. Контроль результатов работы команды разработки, приемка выполненных функций геоинформационных систем. '}",,"{'id': 'fullDay', 'name': 'Полный день'}",[],[],[],False
1,69801227,False,Специалист по планированию и отчетности,"{'id': 'gpn-39305-HOLD', 'name': 'ПАО «Газпром нефть»'}",True,False,"{'id': '95', 'name': 'Тюмень', 'url': 'https://api.hh.ru/areas/95'}",,"{'id': 'open', 'name': 'Открытая'}",,,,2022-10-05T21:54:01+0300,2022-10-05T21:54:01+0300,False,https://hh.ru/applicant/vacancy_response?vacancyId=69801227,,https://api.hh.ru/vacancies/69801227?host=hh.ru,https://api.hh.ru/vacancies/69801227/adv_response?host=hh.ru,https://hh.ru/vacancy/69801227,[],"{'id': '39305', 'name': 'Газпром нефть', 'url': 'https://api.hh.ru/employers/39305', 'alternate_url': 'https://hh.ru/employer/39305', 'logo_urls': {'90': 'https://hhcdn.ru/employer-logo/4275796.jpeg', '240': 'https://hhcdn.ru/employer-logo/4275797.jpeg', 'original': 'https://hhcdn.ru/employer-logo-original/958817.jpg'}, 'vacancies_url': 'https://api.hh.ru/vacancies?employer_id=39305', 'trusted': True}","{'requirement': 'Высшее образование. Опыт работы в розничном ритейле (будет вашим преимуществом). Владение MS Exсel (ВПР, сводные таблицы, посторенние графиков/диаграмм).', 'responsibility': 'Планирование объемов продаж, товаров и услуг. Планирование реализации. Формирование факторного анализа. Формировать отчётов о работе АЗС. Управление бюджетами (сбор информации...'}",,"{'id': 'fullDay', 'name': 'Полный день'}",[],[],[],False
2,70089979,False,Аналитик данных,,False,False,"{'id': '95', 'name': 'Тюмень', 'url': 'https://api.hh.ru/areas/95'}","{'from': 40000, 'to': None, 'currency': 'RUR', 'gross': False}","{'id': 'open', 'name': 'Открытая'}",,,,2022-09-21T11:24:41+0300,2022-09-21T11:24:41+0300,False,https://hh.ru/applicant/vacancy_response?vacancyId=70089979,,https://api.hh.ru/vacancies/70089979?host=hh.ru,https://api.hh.ru/vacancies/70089979/adv_response?host=hh.ru,https://hh.ru/vacancy/70089979,[],"{'id': '5034239', 'name': 'YAMAL', 'url': 'https://api.hh.ru/employers/5034239', 'alternate_url': 'https://hh.ru/employer/5034239', 'logo_urls': None, 'vacancies_url': 'https://api.hh.ru/vacancies?employer_id=5034239', 'trusted': True}","{'requirement': 'Уверенный пользователь программ Excel, PowerPoint (обладает навыками построения и анализа сводных таблиц, сводных запросов, применение логических, математических, статистических, текстовых функций). ', 'responsibility': 'Первоначальный сбор данных о популярных и востребованных товарах;\\. Составление подробных описаний. Отслеживание нового продукта на всех этапах создания и внедрения...'}",,"{'id': 'fullDay', 'name': 'Полный день'}",[],[],"[{'id': 'start_after_sixteen', 'name': 'Можно начинать работать после 16:00'}]",True
3,70084781,False,Аналитик,,False,False,"{'id': '95', 'name': 'Тюмень', 'url': 'https://api.hh.ru/areas/95'}","{'from': 32670, 'to': 42471, 'currency': 'RUR', 'gross': False}","{'id': 'open', 'name': 'Открытая'}","{'city': 'Тюмень', 'street': 'Первомайская улица', 'building': '50', 'description': None, 'lat': 57.1502542764, 'lng': 65.5258987877, 'raw': 'Тюмень, Первомайская улица, 50', 'metro': None, 'metro_stations': [], 'id': '881446'}",,,2022-09-21T10:17:33+0300,2022-09-21T10:17:33+0300,False,https://hh.ru/applicant/vacancy_response?vacancyId=70084781,,https://api.hh.ru/vacancies/70084781?host=hh.ru,https://api.hh.ru/vacancies/70084781/adv_response?host=hh.ru,https://hh.ru/vacancy/70084781,[],"{'id': '2785359', 'name': 'ГАУ ТО МФЦ', 'url': 'https://api.hh.ru/employers/2785359', 'alternate_url': 'https://hh.ru/employer/2785359', 'logo_urls': {'240': 'https://hhcdn.ru/employer-logo/2296033.jpeg', '90': 'https://hhcdn.ru/employer-logo/2296032.jpeg', 'original': 'https://hhcdn.ru/employer-logo-original/463543.jpg'}, 'vacancies_url': 'https://api.hh.ru/vacancies?employer_id=2785359', 'trusted': True}","{'requirement': 'Настойчивость и желание быстро решать тех. инциденты. Понимание основ программирования, приветствуются знания JavaScript, HTML, FreeMarker, CSS. Образование не ниже среднего...', 'responsibility': 'Создание и актуализация форм услуг в АИС МФЦ максимально удобной и понятной для операторов (это чрезвычайно важно). Расследование тех. '}",,"{'id': 'fullDay', 'name': 'Полный день'}",[],[],[],False
4,70391010,False,Аналитик,,False,False,"{'id': '95', 'name': 'Тюмень', 'url': 'https://api.hh.ru/areas/95'}","{'from': 45000, 'to': None, 'currency': 'RUR', 'gross': False}","{'id': 'open', 'name': 'Открытая'}","{'city': None, 'street': None, 'building': None, 'description': None, 'lat': None, 'lng': None, 'raw': 'Тюмень, ул. Панфиловцев, 86', 'metro': None, 'metro_stations': [], 'id': '215618'}",,,2022-10-03T11:46:29+0300,2022-10-03T11:46:29+0300,False,https://hh.ru/applicant/vacancy_response?vacancyId=70391010,,https://api.hh.ru/vacancies/70391010?host=hh.ru,https://api.hh.ru/vacancies/70391010/adv_response?host=hh.ru,https://hh.ru/vacancy/70391010,[],"{'id': '665449', 'name': 'Строительный Двор', 'url': 'https://api.hh.ru/employers/665449', 'alternate_url': 'https://hh.ru/employer/665449', 'logo_urls': {'original': 'https://hhcdn.ru/employer-logo-original/724435.jpg', '90': 'https://hhcdn.ru/employer-logo/3338828.jpeg', '240': 'https://hhcdn.ru/employer-logo/3338829.jpeg'}, 'vacancies_url': 'https://api.hh.ru/vacancies?employer_id=665449', 'trusted': True}","{'requirement': 'Опыт работы аналитиком от 1 года. Коммуникабельность. Аналитический склад ума. Хорошие знания exсel.', 'responsibility': 'Анализ данных с целью выявления неоптимальных бизнес процессов, некачественной работы сотрудников. Описание причин несовершенств и выявленных ошибок. Участие в формировании...'}",,"{'id': 'fullDay', 'name': 'Полный день'}",[],[],[],False
5,70821465,False,Системный аналитик,"{'id': '80660-80660-boxberit', 'name': 'Boxberry: IT'}",False,False,"{'id': '95', 'name': 'Тюмень', 'url': 'https://api.hh.ru/areas/95'}","{'from': 150000, 'to': None, 'currency': 'RUR', 'gross': False}","{'id': 'open', 'name': 'Открытая'}","{'city': 'Екатеринбург', 'street': 'Сибирский тракт', 'building': '12к1', 'description': None, 'lat': 56.822006, 'lng': 60.650412, 'raw': 'Екатеринбург, Сибирский тракт, 12к1', 'metro': None, 'metro_stations': [], 'id': '3527138'}",,,2022-10-05T17:29:55+0300,2022-10-05T17:29:55+0300,False,https://hh.ru/applicant/vacancy_response?vacancyId=70821465,,https://api.hh.ru/vacancies/70821465?host=hh.ru,https://api.hh.ru/vacancies/70821465/adv_response?host=hh.ru,https://hh.ru/vacancy/70821465,[],"{'id': '80660', 'name': 'Boxberry', 'url': 'https://api.hh.ru/employers/80660', 'alternate_url': 'https://hh.ru/employer/80660', 'logo_urls': {'original': 'https://hhcdn.ru/employer-logo-original/864410.png', '90': 'https://hhcdn.ru/employer-logo/3898515.png', '240': 'https://hhcdn.ru/employer-logo/3898516.png'}, 'vacancies_url': 'https://api.hh.ru/vacancies?employer_id=80660', 'trusted': True}","{'requirement': 'Опыт работы системным аналитиком, бизнес-технологом от 2-3 лет. Опыт постановки задач разработчикам. Умение задавать правильные вопросы, расставлять приоритеты...', 'responsibility': 'Оценкой проектных работ с командой разработки по трудоемкости задач. Сбором, анализом и управлением требований. Проектированием систем от концептуального уровня до...'}",,"{'id': 'remote', 'name': 'Удаленная работа'}",[],[],[],False
6,71060152,False,Бизнес-аналитик,,False,False,"{'id': '95', 'name': 'Тюмень', 'url': 'https://api.hh.ru/areas/95'}","{'from': 150000, 'to': None, 'currency': 'RUR', 'gross': False}","{'id': 'open', 'name': 'Открытая'}",,,,2022-10-12T11:59:32+0300,2022-10-12T11:59:32+0300,False,https://hh.ru/applicant/vacancy_response?vacancyId=71060152,,https://api.hh.ru/vacancies/71060152?host=hh.ru,https://api.hh.ru/vacancies/71060152/adv_response?host=hh.ru,https://hh.ru/vacancy/71060152,[],"{'id': '5463262', 'name': 'IMPACTA LAB', 'url': 'https://api.hh.ru/employers/5463262', 'alternate_url': 'https://hh.ru/employer/5463262', 'logo_urls': {'240': 'https://hhcdn.ru/employer-logo/3857872.png', '90': 'https://hhcdn.ru/employer-logo/3857871.png', 'original': 'https://hhcdn.ru/employer-logo-original/854249.png'}, 'vacancies_url': 'https://api.hh.ru/vacancies?employer_id=5463262', 'trusted': True}","{'requirement': 'Знание принципов продуктового подхода и гибких методологий в разработке. Опыт в отраслевых решениях – геология, горное дело, машиностроение и тд.. ', 'responsibility': 'Проектировать сценарии использования продукта, модели данных. Создавать ТЗ. Описывать алгоритмы. Участвовать в проектировании интерфейсов.'}",,"{'id': 'fullDay', 'name': 'Полный день'}",[],[],[],False
7,70330133,False,Аналитик,,False,False,"{'id': '95', 'name': 'Тюмень', 'url': 'https://api.hh.ru/areas/95'}","{'from': None, 'to': 30000, 'currency': 'RUR', 'gross': False}","{'id': 'open', 'name': 'Открытая'}","{'city': 'Тюмень', 'street': 'Новгородская улица', 'building': '21', 'description': None, 'lat': 57.158584, 'lng': 65.590904, 'raw': 'Тюмень, Новгородская улица, 21', 'metro': None, 'metro_stations': [], 'id': '11727990'}",,,2022-09-26T08:42:37+0300,2022-09-26T08:42:37+0300,False,https://hh.ru/applicant/vacancy_response?vacancyId=70330133,,https://api.hh.ru/vacancies/70330133?host=hh.ru,https://api.hh.ru/vacancies/70330133/adv_response?host=hh.ru,https://hh.ru/vacancy/70330133,[],"{'id': '9061421', 'name': 'ПСК Сервис', 'url': 'https://api.hh.ru/employers/9061421', 'alternate_url': 'https://hh.ru/employer/9061421', 'logo_urls': {'original': 'https://hhcdn.ru/employer-logo-original/998569.jpg', '90': 'https://hhcdn.ru/employer-logo/5615064.jpeg', '240': 'https://hhcdn.ru/employer-logo/5615065.jpeg'}, 'vacancies_url': 'https://api.hh.ru/vacancies?employer_id=9061421', 'trusted': True}","{'requirement': 'Знание Гугл Таблиц/Excel на уровне уверенного пользователя (Power BI желательно). Вычислительные навыки при помощи формул. Умение структурировать информацию. ', 'responsibility': 'Ручной сбор данных, постановка задач на автоматизированные сборы данных. Поддержка и актуализация данных аналитической платформы. Работа с пользователями платформы: Решение...'}",,"{'id': 'fullDay', 'name': 'Полный день'}",[],[],[],False
8,70381829,False,Бизнес аналитик/Системный аналитик 1С,,False,False,"{'id': '95', 'name': 'Тюмень', 'url': 'https://api.hh.ru/areas/95'}",,"{'id': 'open', 'name': 'Открытая'}",,,,2022-09-27T00:49:14+0300,2022-09-27T00:49:14+0300,False,https://hh.ru/applicant/vacancy_response?vacancyId=70381829,,https://api.hh.ru/vacancies/70381829?host=hh.ru,https://api.hh.ru/vacancies/70381829/adv_response?host=hh.ru,https://hh.ru/vacancy/70381829,[],"{'id': '2077620', 'name': 'Центр 2М', 'url': 'https://api.hh.ru/employers/2077620', 'alternate_url': 'https://hh.ru/employer/2077620', 'logo_urls': {'240': 'https://hhcdn.ru/employer-logo/2868545.png', '90': 'https://hhcdn.ru/employer-logo/2868544.png', 'original': 'https://hhcdn.ru/employer-logo-original/606848.png'}, 'vacancies_url': 'https://api.hh.ru/vacancies?employer_id=2077620', 'trusted': True}","{'requirement': 'Высшее образование. Опыт работы с системами семейства «1С». Знание конфигураций «1С: версии 8.3» и выше. ', 'responsibility': 'Разработка и формализация ТЗ на доработку программных продуктов. Разработка интеграций (до уровня атрибутов объектов) между программными продуктами. Описание API и...'}",,"{'id': 'remote', 'name': 'Удаленная работа'}",[],[],[],False
9,71031937,False,Аналитик,,False,False,"{'id': '95', 'name': 'Тюмень', 'url': 'https://api.hh.ru/areas/95'}","{'from': 45000, 'to': None, 'currency': 'RUR', 'gross': False}","{'id': 'open', 'name': 'Открытая'}","{'city': 'Тюмень', 'street': 'улица Герцена', 'building': '72с1', 'description': None, 'lat': 57.150627, 'lng': 65.534579, 'raw': 'Тюмень, улица Герцена, 72с1', 'metro': None, 'metro_stations': [], 'id': '4939117'}",,,2022-10-11T15:16:42+0300,2022-10-11T15:16:42+0300,False,https://hh.ru/applicant/vacancy_response?vacancyId=71031937,,https://api.hh.ru/vacancies/71031937?host=hh.ru,https://api.hh.ru/vacancies/71031937/adv_response?host=hh.ru,https://hh.ru/vacancy/71031937,[],"{'id': '912307', 'name': 'Компания maxim', 'url': 'https://api.hh.ru/employers/912307', 'alternate_url': 'https://hh.ru/employer/912307', 'logo_urls': {'original': 'https://hhcdn.ru/employer-logo-original/771753.png', '90': 'https://hhcdn.ru/employer-logo/3527969.png', '240': 'https://hhcdn.ru/employer-logo/3527970.png'}, 'vacancies_url': 'https://api.hh.ru/vacancies?employer_id=912307', 'trusted': True}","{'requirement': 'опыт работы в сфере маркетинга от 1 года. - понимание принципов рекламной воронки и базовых метрик интернет-рекламы. - навыки анализ данных. - ', 'responsibility': 'Отдыхайте здорово. - анализ реферальных программ и программ лояльности сервиса во всех странах. - поиск точек роста эффективности программ. - постановка технических заданий...'}",,"{'id': 'fullDay', 'name': 'Полный день'}",[],[],[],False
10,70889486,False,Аналитик,,False,False,"{'id': '95', 'name': 'Тюмень', 'url': 'https://api.hh.ru/areas/95'}",,"{'id': 'open', 'name': 'Открытая'}",,,,2022-10-07T10:17:09+0300,2022-10-07T10:17:09+0300,False,https://hh.ru/applicant/vacancy_response?vacancyId=70889486,,https://api.hh.ru/vacancies/70889486?host=hh.ru,https://api.hh.ru/vacancies/70889486/adv_response?host=hh.ru,https://hh.ru/vacancy/70889486,[],"{'id': '4162557', 'name': 'Страна Девелопмент', 'url': 'https://api.hh.ru/employers/4162557', 'alternate_url': 'https://hh.ru/employer/4162557', 'logo_urls': {'original': 'https://hhcdn.ru/employer-logo-original/662049.jpg', '240': 'https://hhcdn.ru/employer-logo/3089329.jpeg', '90': 'https://hhcdn.ru/employer-logo/3089328.jpeg'}, 'vacancies_url': 'https://api.hh.ru/vacancies?employer_id=4162557', 'trusted': True}","{'requirement': 'Опыт разработки отчетов и дашбордов в Power BI. Желателен опыт в области современных практик визуализации данных. Опыт работы с SQL. ', 'responsibility': 'Участвовать в проекте по развитию BI направления в компании. Разрабатывать визуальные отчеты, панели мониторинга и системы показателей KPI в Power...'}",,"{'id': 'fullDay', 'name': 'Полный день'}",[],[],[],False
11,69868793,False,Региональный аналитик со знанием SQL,,False,False,"{'id': '95', 'name': 'Тюмень', 'url': 'https://api.hh.ru/areas/95'}",,"{'id': 'open', 'name': 'Открытая'}","{'city': 'Тюмень', 'street': 'улица Тимофея Чаркова', 'building': '8', 'description': None, 'lat': 57.197917, 'lng': 65.604585, 'raw': 'Тюмень, улица Тимофея Чаркова, 8', 'metro': None, 'metro_stations': [], 'id': '465746'}",,,2022-09-15T17:36:13+0300,2022-09-15T17:36:13+0300,False,https://hh.ru/applicant/vacancy_response?vacancyId=69868793,"{'id': '21442', 'url': 'https://hh.ru/interview/21442?employerId=57045'}",https://api.hh.ru/vacancies/69868793?host=hh.ru,https://api.hh.ru/vacancies/69868793/adv_response?host=hh.ru,https://hh.ru/vacancy/69868793,[],"{'id': '57045', 'name': 'Мегаполис', 'url': 'https://api.hh.ru/employers/57045', 'alternate_url': 'https://hh.ru/employer/57045', 'logo_urls': {'240': 'https://hhcdn.ru/employer-logo/1691847.png', 'original': 'https://hhcdn.ru/employer-logo-original/312370.png', '90': 'https://hhcdn.ru/employer-logo/1691846.png'}, 'vacancies_url': 'https://api.hh.ru/vacancies?employer_id=57045', 'trusted': True}","{'requirement': 'Высшее техническое или экономическое образование. Владение Excel: сводные таблицы, диаграммы, сложные формулы, Access, Power Point, VBA/SQL (базовые знания обязательны). ', 'responsibility': 'Информационное-аналитическое обеспечение руководства региона, дивизиона, сотрудников ГО, разработка/подготовка отчетов и презентаций, план-факторный анализ, работа с большими массивами...'}",,"{'id': 'fullDay', 'name': 'Полный день'}",[],[],[],False
12,70840307,False,Аналитик в группу развития бизнеса,,False,False,"{'id': '95', 'name': 'Тюмень', 'url': 'https://api.hh.ru/areas/95'}",,"{'id': 'open', 'name': 'Открытая'}",,,,2022-10-10T09:21:25+0300,2022-10-10T09:21:25+0300,False,https://hh.ru/applicant/vacancy_response?vacancyId=70840307,,https://api.hh.ru/vacancies/70840307?host=hh.ru,https://api.hh.ru/vacancies/70840307/adv_response?host=hh.ru,https://hh.ru/vacancy/70840307,[],"{'id': '2488771', 'name': 'Directum', 'url': 'https://api.hh.ru/employers/2488771', 'alternate_url': 'https://hh.ru/employer/2488771', 'logo_urls': {'90': 'https://hhcdn.ru/employer-logo/3312020.png', '240': 'https://hhcdn.ru/employer-logo/3312021.png', 'original': 'https://hhcdn.ru/employer-logo-original/717726.png'}, 'vacancies_url': 'https://api.hh.ru/vacancies?employer_id=2488771', 'trusted': True}","{'requirement': 'Готовность общаться с клиентами (текущими и потенциальными), проводить интервью и исследования. Грамотная речь, умение выражать свои мысли, четко ставить вопросы. ', 'responsibility': 'Поиск точек роста продукта. Регулярное проведение Cust Dev (выявление глубинных болей и потребностей пользователей). Анализ рынка, конкурентный анализ. '}",,"{'id': 'fullDay', 'name': 'Полный день'}",[],[],[],False
13,70895998,False,Главный специалист (системный аналитик) медицинских ИС,,False,False,"{'id': '95', 'name': 'Тюмень', 'url': 'https://api.hh.ru/areas/95'}","{'from': 49000, 'to': None, 'currency': 'RUR', 'gross': False}","{'id': 'open', 'name': 'Открытая'}","{'city': 'Тюмень', 'street': 'Советская улица', 'building': '61', 'description': None, 'lat': 57.154503, 'lng': 65.548557, 'raw': 'Тюмень, Советская улица, 61', 'metro': None, 'metro_stations': [], 'id': '635943'}",,,2022-10-07T12:06:58+0300,2022-10-07T12:06:58+0300,False,https://hh.ru/applicant/vacancy_response?vacancyId=70895998,,https://api.hh.ru/vacancies/70895998?host=hh.ru,https://api.hh.ru/vacancies/70895998/adv_response?host=hh.ru,https://hh.ru/vacancy/70895998,[],"{'id': '2266613', 'name': 'ГКУ ТО Центр информационных технологий Тюменской области', 'url': 'https://api.hh.ru/employers/2266613', 'alternate_url': 'https://hh.ru/employer/2266613', 'logo_urls': None, 'vacancies_url': 'https://api.hh.ru/vacancies?employer_id=2266613', 'trusted': True}","{'requirement': '1. Аналитический склад ума. 2. Нацеленность на результат. 3. Быстрая обучаемость. 4. Преимуществом является наличие образования по IT-специальности. 5. ', 'responsibility': '1. Организация взаимодействия подрядчика и функционального заказчика. 2. Формирование технических заданий на развитие информационных систем, осуществление приемки. 3. '}",,"{'id': 'fullDay', 'name': 'Полный день'}",[],[],[],False
14,70953038,False,Менеджер по управлению требованиями клиента (IT),"{'id': 'gpn-39305-HOLD', 'name': 'ПАО «Газпром нефть»'}",False,False,"{'id': '95', 'name': 'Тюмень', 'url': 'https://api.hh.ru/areas/95'}",,"{'id': 'open', 'name': 'Открытая'}",,,,2022-10-10T08:39:28+0300,2022-10-10T08:39:28+0300,False,https://hh.ru/applicant/vacancy_response?vacancyId=70953038,,https://api.hh.ru/vacancies/70953038?host=hh.ru,https://api.hh.ru/vacancies/70953038/adv_response?host=hh.ru,https://hh.ru/vacancy/70953038,[],"{'id': '39305', 'name': 'Газпром нефть', 'url': 'https://api.hh.ru/employers/39305', 'alternate_url': 'https://hh.ru/employer/39305', 'logo_urls': {'90': 'https://hhcdn.ru/employer-logo/4275796.jpeg', '240': 'https://hhcdn.ru/employer-logo/4275797.jpeg', 'original': 'https://hhcdn.ru/employer-logo-original/958817.jpg'}, 'vacancies_url': 'https://api.hh.ru/vacancies?employer_id=39305', 'trusted': True}","{'requirement': 'Высшее образование (техническое). Наличие опыта работы с системами управления процессами ИТ-услуг (HPSM, Service Desk) 1—3 года. ', 'responsibility': 'Формирование и ведение сервисной документации по оказываемым ИТ-услугам (SLA, OLA) в области информационной безопасности. Контроль соблюдения параметров соглашений об...'}",,"{'id': 'fullDay', 'name': 'Полный день'}",[],[],[],False
15,69043471,False,Системный аналитик,,False,False,"{'id': '95', 'name': 'Тюмень', 'url': 'https://api.hh.ru/areas/95'}","{'from': 50000, 'to': None, 'currency': 'RUR', 'gross': False}","{'id': 'open', 'name': 'Открытая'}","{'city': 'Тюмень', 'street': 'Советская улица', 'building': '61', 'description': None, 'lat': 57.154503, 'lng': 65.548557, 'raw': 'Тюмень, Советская улица, 61', 'metro': None, 'metro_stations': [], 'id': '635943'}",,,2022-10-07T12:03:19+0300,2022-10-07T12:03:19+0300,False,https://hh.ru/applicant/vacancy_response?vacancyId=69043471,,https://api.hh.ru/vacancies/69043471?host=hh.ru,https://api.hh.ru/vacancies/69043471/adv_response?host=hh.ru,https://hh.ru/vacancy/69043471,[],"{'id': '2266613', 'name': 'ГКУ ТО Центр информационных технологий Тюменской области', 'url': 'https://api.hh.ru/employers/2266613', 'alternate_url': 'https://hh.ru/employer/2266613', 'logo_urls': None, 'vacancies_url': 'https://api.hh.ru/vacancies?employer_id=2266613', 'trusted': True}","{'requirement': '1. Аналитический склад ума. 2. Опыт сопровождения и развития крупных распределенных информационных систем. 3. Опыт работы с системами багтрекинга и...', 'responsibility': '1. Ведение государственных контрактов по сопровождению и развитию информационных систем. 2. Организация взаимодействия подрядчика и функционального заказчика. 3. '}",,"{'id': 'fullDay', 'name': 'Полный день'}",[],[],[],False
16,69848539,False,Аналитик \Технический писатель,,False,False,"{'id': '95', 'name': 'Тюмень', 'url': 'https://api.hh.ru/areas/95'}","{'from': 25000, 'to': 60000, 'currency': 'RUR', 'gross': False}","{'id': 'open', 'name': 'Открытая'}","{'city': 'Тюмень', 'street': 'улица Пермякова', 'building': '1с5', 'description': None, 'lat': 57.132328, 'lng': 65.602699, 'raw': 'Тюмень, улица Пермякова, 1с5', 'metro': None, 'metro_stations': [], 'id': '1762542'}",,,2022-09-15T11:45:19+0300,2022-09-15T11:45:19+0300,False,https://hh.ru/applicant/vacancy_response?vacancyId=69848539,,https://api.hh.ru/vacancies/69848539?host=hh.ru,https://api.hh.ru/vacancies/69848539/adv_response?host=hh.ru,https://hh.ru/vacancy/69848539,[],"{'id': '2510287', 'name': 'ИТС', 'url': 'https://api.hh.ru/employers/2510287', 'alternate_url': 'https://hh.ru/employer/2510287', 'logo_urls': {'90': 'https://hhcdn.ru/employer-logo/3753063.png', '240': 'https://hhcdn.ru/employer-logo/3753064.png', 'original': 'https://hhcdn.ru/employer-logo-original/828045.png'}, 'vacancies_url': 'https://api.hh.ru/vacancies?employer_id=2510287', 'trusted': True}","{'requirement': 'Понимание принципов разработки программного обеспечения. Опыт работы с системами управления проектами. Владение Microsoft Word, Excel, Visio; Умение создавать, редактировать, иллюстрировать...', 'responsibility': 'Создание технической документации: Частного технического задания, Программа и методика испытаний, Протоколы сохраняемого функционала, Руководства пользователя различного уровня сложности (для пользователя...'}",,"{'id': 'fullDay', 'name': 'Полный день'}",[],[],[],False
17,70232414,False,Системный администратор,,False,False,"{'id': '95', 'name': 'Тюмень', 'url': 'https://api.hh.ru/areas/95'}",,"{'id': 'open', 'name': 'Открытая'}",,,,2022-09-23T17:41:35+0300,2022-09-23T17:41:35+0300,False,https://hh.ru/applicant/vacancy_response?vacancyId=70232414,,https://api.hh.ru/vacancies/70232414?host=hh.ru,https://api.hh.ru/vacancies/70232414/adv_response?host=hh.ru,https://hh.ru/vacancy/70232414,[],"{'id': '3968', 'name': 'Уральская горно-металлургическая компания', 'url': 'https://api.hh.ru/employers/3968', 'alternate_url': 'https://hh.ru/employer/3968', 'logo_urls': {'240': 'https://hhcdn.ru/employer-logo/1649323.jpeg', 'original': 'https://hhcdn.ru/employer-logo-original/301737.jpg', '90': 'https://hhcdn.ru/employer-logo/1649322.jpeg'}, 'vacancies_url': 'https://api.hh.ru/vacancies?employer_id=3968', 'trusted': True}","{'requirement': 'Высшее образование. Уверенные знания MS Exchange 2016/2019, AD, GPO, DHCP, WSUS, DFS, FSR. Практический опыт работы с MS Windows...', 'responsibility': 'Развитие существующих и создание собственных информационных систем. Разработка новых отраслевых решений на базе 1С. Разработка и внедрение мобильных приложений...'}",,"{'id': 'fullDay', 'name': 'Полный день'}",[],[],[],False
18,70679313,False,Аналитик бизнес-процессов,,False,False,"{'id': '95', 'name': 'Тюмень', 'url': 'https://api.hh.ru/areas/95'}","{'from': 60000, 'to': 100000, 'currency': 'RUR', 'gross': False}","{'id': 'open', 'name': 'Открытая'}","{'city': None, 'street': None, 'building': None, 'description': None, 'lat': None, 'lng': None, 'raw': 'Тюмень, ул. 50 лет Октября, 109', 'metro': None, 'metro_stations': [], 'id': '333564'}",,,2022-10-10T09:49:09+0300,2022-10-10T09:49:09+0300,False,https://hh.ru/applicant/vacancy_response?vacancyId=70679313,,https://api.hh.ru/vacancies/70679313?host=hh.ru,https://api.hh.ru/vacancies/70679313/adv_response?host=hh.ru,https://hh.ru/vacancy/70679313,[],"{'id': '665449', 'name': 'Строительный Двор', 'url': 'https://api.hh.ru/employers/665449', 'alternate_url': 'https://hh.ru/employer/665449', 'logo_urls': {'original': 'https://hhcdn.ru/employer-logo-original/724435.jpg', '90': 'https://hhcdn.ru/employer-logo/3338828.jpeg', '240': 'https://hhcdn.ru/employer-logo/3338829.jpeg'}, 'vacancies_url': 'https://api.hh.ru/vacancies?employer_id=665449', 'trusted': True}","{'requirement': 'Аналитический склад ума. Отличное знание Excel (сводные таблицы, логические формулы, макросы). Знание Power BI, SAP. Умение анализировать и систематизировать большой...', 'responsibility': 'Анализ бизнес процессов отдела продаж и закупа. Составление аналитических отчетов, презентаций, дашбордов. Разработка и проверка гипотез по оптимизации процессов. '}",,"{'id': 'fullDay', 'name': 'Полный день'}",[],[],[],False
19,68342363,False,Бизнес-аналитик,,False,False,"{'id': '95', 'name': 'Тюмень', 'url': 'https://api.hh.ru/areas/95'}",,"{'id': 'open', 'name': 'Открытая'}",,,,2022-09-29T09:07:33+0300,2022-09-29T09:07:33+0300,False,https://hh.ru/applicant/vacancy_response?vacancyId=68342363,,https://api.hh.ru/vacancies/68342363?host=hh.ru,https://api.hh.ru/vacancies/68342363/adv_response?host=hh.ru,https://hh.ru/vacancy/68342363,[],"{'id': '17713', 'name': 'ЮТэйр, Авиакомпания', 'url': 'https://api.hh.ru/employers/17713', 'alternate_url': 'https://hh.ru/employer/17713', 'logo_urls': {'original': 'https://hhcdn.ru/employer-logo-original/939772.png', '240': 'https://hhcdn.ru/employer-logo/4199633.png', '90': 'https://hhcdn.ru/employer-logo/4199632.png'}, 'vacancies_url': 'https://api.hh.ru/vacancies?employer_id=17713', 'trusted': True}","{'requirement': 'Высшее образование. Опыт работы от 3 лет в должности бизнес-аналитик, консультант, менеджер проектов и т.д.. Владение программами: MS...', 'responsibility': 'Анализ деятельности компаний вертолетного сегмента и функциональных подразделений. Расчет и контроль ключевых показателей эффективности проектов. Организация и руководство реализацией различных...'}",,"{'id': 'fullDay', 'name': 'Полный день'}",[],[],[],False
20,70203637,False,Ведущий аналитик,,False,False,"{'id': '95', 'name': 'Тюмень', 'url': 'https://api.hh.ru/areas/95'}",,"{'id': 'open', 'name': 'Открытая'}",,,,2022-09-23T11:08:53+0300,2022-09-23T11:08:53+0300,False,https://hh.ru/applicant/vacancy_response?vacancyId=70203637,,https://api.hh.ru/vacancies/70203637?host=hh.ru,https://api.hh.ru/vacancies/70203637/adv_response?host=hh.ru,https://hh.ru/vacancy/70203637,[],"{'id': '185755', 'name': 'Группа страховых компаний Югория', 'url': 'https://api.hh.ru/employers/185755', 'alternate_url': 'https://hh.ru/employer/185755', 'logo_urls': {'original': 'https://hhcdn.ru/employer-logo-original/800516.png', '90': 'https://hhcdn.ru/employer-logo/3642951.png', '240': 'https://hhcdn.ru/employer-logo/3642952.png'}, 'vacancies_url': 'https://api.hh.ru/vacancies?employer_id=185755', 'trusted': True}","{'requirement': 'Высшее образование. Знание и понимание основ бухгалтерского учета. Опыт автоматизации страховых, финансовых организаций или работа на стороне интегратора в разных...', 'responsibility': 'Сбор требований и проектирование финансовых информационных систем на платформе 1С. Анализ потребностей заказчика/инициатора в рамках проекта. '}",,"{'id': 'fullDay', 'name': 'Полный день'}",[],[],[],False
21,55021720,False,Специалист по планированию цепей поставок,,False,False,"{'id': '95', 'name': 'Тюмень', 'url': 'https://api.hh.ru/areas/95'}","{'from': 42000, 'to': 78000, 'currency': 'RUR', 'gross': False}","{'id': 'open', 'name': 'Открытая'}","{'city': None, 'street': None, 'building': None, 'description': None, 'lat': None, 'lng': None, 'raw': 'Тюмень, ул. Панфиловцев, 86', 'metro': None, 'metro_stations': [], 'id': '215618'}",,,2022-10-10T10:29:29+0300,2022-10-10T10:29:29+0300,False,https://hh.ru/applicant/vacancy_response?vacancyId=55021720,,https://api.hh.ru/vacancies/55021720?host=hh.ru,https://api.hh.ru/vacancies/55021720/adv_response?host=hh.ru,https://hh.ru/vacancy/55021720,[],"{'id': '665449', 'name': 'Строительный Двор', 'url': 'https://api.hh.ru/employers/665449', 'alternate_url': 'https://hh.ru/employer/665449', 'logo_urls': {'original': 'https://hhcdn.ru/employer-logo-original/724435.jpg', '90': 'https://hhcdn.ru/employer-logo/3338828.jpeg', '240': 'https://hhcdn.ru/employer-logo/3338829.jpeg'}, 'vacancies_url': 'https://api.hh.ru/vacancies?employer_id=665449', 'trusted': True}","{'requirement': 'Команда закупа ищет внимательного и доброжелательного сотрудника с развитыми аналитическими способностями, с высшим образованием (экономика, логистика или прикладная математика) , хорошим...', 'responsibility': 'Своевременное получение и внесение в информационную систему логистических данных. Определение наиболее эффективных схем движения товаров, настройка цепей поставок по закрепленному...'}",,"{'id': 'fullDay', 'name': 'Полный день'}",[],[],[],False
22,66192266,False,Технолог-аналитик бизнес-процессов склада,,False,False,"{'id': '95', 'name': 'Тюмень', 'url': 'https://api.hh.ru/areas/95'}","{'from': 45000, 'to': 80000, 'currency': 'RUR', 'gross': False}","{'id': 'open', 'name': 'Открытая'}","{'city': None, 'street': None, 'building': None, 'description': None, 'lat': None, 'lng': None, 'raw': 'Тюмень, ул. Панфиловцев, 86', 'metro': None, 'metro_stations': [], 'id': '215618'}",,,2022-10-11T09:04:06+0300,2022-10-11T09:04:06+0300,False,https://hh.ru/applicant/vacancy_response?vacancyId=66192266,,https://api.hh.ru/vacancies/66192266?host=hh.ru,https://api.hh.ru/vacancies/66192266/adv_response?host=hh.ru,https://hh.ru/vacancy/66192266,[],"{'id': '665449', 'name': 'Строительный Двор', 'url': 'https://api.hh.ru/employers/665449', 'alternate_url': 'https://hh.ru/employer/665449', 'logo_urls': {'original': 'https://hhcdn.ru/employer-logo-original/724435.jpg', '90': 'https://hhcdn.ru/employer-logo/3338828.jpeg', '240': 'https://hhcdn.ru/employer-logo/3338829.jpeg'}, 'vacancies_url': 'https://api.hh.ru/vacancies?employer_id=665449', 'trusted': True}","{'requirement': 'Ориентируетесь в топологии, товарах и типах мест хранения. Имеете опыт работы с системами управления складом. Умеете работать в режиме многозадачности. ', 'responsibility': 'Описание процессов работы склада. Постановка ТЗ, тестирование и внедрение разработок. Статистический анализ данных системы. Подготовка отчетов склада. Нормирование операций склада. '}",,"{'id': 'fullDay', 'name': 'Полный день'}",[],[],[],False
23,70166909,False,Аналитик данных,,False,False,"{'id': '95', 'name': 'Тюмень', 'url': 'https://api.hh.ru/areas/95'}",,"{'id': 'open', 'name': 'Открытая'}","{'city': 'Тюмень', 'street': 'улица Газовиков', 'building': '73', 'description': None, 'lat': 57.167521, 'lng': 65.558331, 'raw': 'Тюмень, улица Газовиков, 73', 'metro': None, 'metro_stations': [], 'id': '3933581'}",,,2022-09-22T15:40:39+0300,2022-09-22T15:40:39+0300,False,https://hh.ru/applicant/vacancy_response?vacancyId=70166909,,https://api.hh.ru/vacancies/70166909?host=hh.ru,https://api.hh.ru/vacancies/70166909/adv_response?host=hh.ru,https://hh.ru/vacancy/70166909,[],"{'id': '4162557', 'name': 'Страна Девелопмент', 'url': 'https://api.hh.ru/employers/4162557', 'alternate_url': 'https://hh.ru/employer/4162557', 'logo_urls': {'original': 'https://hhcdn.ru/employer-logo-original/662049.jpg', '240': 'https://hhcdn.ru/employer-logo/3089329.jpeg', '90': 'https://hhcdn.ru/employer-logo/3089328.jpeg'}, 'vacancies_url': 'https://api.hh.ru/vacancies?employer_id=4162557', 'trusted': True}","{'requirement': 'Опыт работы от 3 лет в в финансово-экономическом направлении (ПЭО, экономика, финансы, планирование, анализ). Высшее образование (экономические и математические...', 'responsibility': 'Поддержанием в актуальном состоянии системы планирования и текущего состояния трудозатрат в подразделении по ресурсам специалистов, задействованных при реализации стратегических проектов...'}",,"{'id': 'fullDay', 'name': 'Полный день'}",[],[],[],False
24,68906180,False,Аналитик складской логистики,,False,False,"{'id': '95', 'name': 'Тюмень', 'url': 'https://api.hh.ru/areas/95'}","{'from': 55000, 'to': 80000, 'currency': 'RUR', 'gross': False}","{'id': 'open', 'name': 'Открытая'}","{'city': None, 'street': None, 'building': None, 'description': None, 'lat': None, 'lng': None, 'raw': 'Тюмень, ул. Панфиловцев, 86', 'metro': None, 'metro_stations': [], 'id': '215618'}",,,2022-10-11T09:04:06+0300,2022-10-11T09:04:06+0300,False,https://hh.ru/applicant/vacancy_response?vacancyId=68906180,,https://api.hh.ru/vacancies/68906180?host=hh.ru,https://api.hh.ru/vacancies/68906180/adv_response?host=hh.ru,https://hh.ru/vacancy/68906180,[],"{'id': '665449', 'name': 'Строительный Двор', 'url': 'https://api.hh.ru/employers/665449', 'alternate_url': 'https://hh.ru/employer/665449', 'logo_urls': {'original': 'https://hhcdn.ru/employer-logo-original/724435.jpg', '90': 'https://hhcdn.ru/employer-logo/3338828.jpeg', '240': 'https://hhcdn.ru/employer-logo/3338829.jpeg'}, 'vacancies_url': 'https://api.hh.ru/vacancies?employer_id=665449', 'trusted': True}","{'requirement': 'Ориентируетесь в топологии, товарах и типах мест хранения. Имеете опыт работы с системами управления складом. Умеете работать в режиме многозадачности. ', 'responsibility': 'Описание процессов работы склада. Постановка ТЗ, тестирование и внедрение разработок. Статистический анализ данных системы. Подготовка отчетов склада. Нормирование операций склада. '}",,"{'id': 'fullDay', 'name': 'Полный день'}",[],[],[],False
25,70963140,False,Ведущий системный аналитик,,False,False,"{'id': '95', 'name': 'Тюмень', 'url': 'https://api.hh.ru/areas/95'}",,"{'id': 'open', 'name': 'Открытая'}",,,,2022-10-10T10:56:03+0300,2022-10-10T10:56:03+0300,False,https://hh.ru/applicant/vacancy_response?vacancyId=70963140,,https://api.hh.ru/vacancies/70963140?host=hh.ru,https://api.hh.ru/vacancies/70963140/adv_response?host=hh.ru,https://hh.ru/vacancy/70963140,[],"{'id': '953', 'name': 'КБ Уральский банк реконструкции и развития (УБРиР)', 'url': 'https://api.hh.ru/employers/953', 'alternate_url': 'https://hh.ru/employer/953', 'logo_urls': {'240': 'https://hhcdn.ru/employer-logo/5556441.png', '90': 'https://hhcdn.ru/employer-logo/5556440.png', 'original': 'https://hhcdn.ru/employer-logo-original/983905.png'}, 'vacancies_url': 'https://api.hh.ru/vacancies?employer_id=953', 'trusted': True}","{'requirement': 'Имеешь опыт работы системным аналитиком. Имеешь опыт проведения интервью с заказчиком. Занимаешься постановкой задач разработчикам. Занимаешься тестированием реализованного продукта. ', 'responsibility': 'Сбор, анализ, формализация, документирование и согласование требований с заказчиком. Моделирование бизнес-процессов. Поиск вариантов решения и выбор наиболее оптимального для...'}",,"{'id': 'fullDay', 'name': 'Полный день'}",[],[],[],False
26,70896039,False,Ведущий специалист (системный аналитик) медицинских ИС,,False,False,"{'id': '95', 'name': 'Тюмень', 'url': 'https://api.hh.ru/areas/95'}","{'from': 44000, 'to': None, 'currency': 'RUR', 'gross': False}","{'id': 'open', 'name': 'Открытая'}","{'city': 'Тюмень', 'street': 'Советская улица', 'building': '61', 'description': None, 'lat': 57.154503, 'lng': 65.548557, 'raw': 'Тюмень, Советская улица, 61', 'metro': None, 'metro_stations': [], 'id': '635943'}",,,2022-10-07T12:07:28+0300,2022-10-07T12:07:28+0300,False,https://hh.ru/applicant/vacancy_response?vacancyId=70896039,,https://api.hh.ru/vacancies/70896039?host=hh.ru,https://api.hh.ru/vacancies/70896039/adv_response?host=hh.ru,https://hh.ru/vacancy/70896039,[],"{'id': '2266613', 'name': 'ГКУ ТО Центр информационных технологий Тюменской области', 'url': 'https://api.hh.ru/employers/2266613', 'alternate_url': 'https://hh.ru/employer/2266613', 'logo_urls': None, 'vacancies_url': 'https://api.hh.ru/vacancies?employer_id=2266613', 'trusted': True}","{'requirement': '1. Аналитический склад ума. 2. Нацеленность на результат. 3. Быстрая обучаемость. 4. Высшее образование IT специальности. 5. Грамотная устная и...', 'responsibility': '1. Ведение государственных контрактов по сопровождению и развитию медицинских информационных систем. 2. Организация взаимодействия подрядчика и функционального заказчика. 3. '}",,"{'id': 'fullDay', 'name': 'Полный день'}",[],[],[],False
27,69940093,False,Бизнес-аналитик,,False,False,"{'id': '95', 'name': 'Тюмень', 'url': 'https://api.hh.ru/areas/95'}","{'from': 70000, 'to': None, 'currency': 'RUR', 'gross': True}","{'id': 'open', 'name': 'Открытая'}","{'city': 'Тюмень', 'street': 'улица Тимофея Чаркова', 'building': '8Г', 'description': None, 'lat': 57.195581, 'lng': 65.606714, 'raw': 'Тюмень, улица Тимофея Чаркова, 8Г', 'metro': None, 'metro_stations': [], 'id': '2198247'}",,,2022-09-19T07:20:08+0300,2022-09-19T07:20:08+0300,False,https://hh.ru/applicant/vacancy_response?vacancyId=69940093,,https://api.hh.ru/vacancies/69940093?host=hh.ru,https://api.hh.ru/vacancies/69940093/adv_response?host=hh.ru,https://hh.ru/vacancy/69940093,[],"{'id': '3114341', 'name': 'ЕТС Трейд', 'url': 'https://api.hh.ru/employers/3114341', 'alternate_url': 'https://hh.ru/employer/3114341', 'logo_urls': {'240': 'https://hhcdn.ru/employer-logo/2330209.png', '90': 'https://hhcdn.ru/employer-logo/2330208.png', 'original': 'https://hhcdn.ru/employer-logo-original/472089.png'}, 'vacancies_url': 'https://api.hh.ru/vacancies?employer_id=3114341', 'trusted': True}","{'requirement': 'высшее профессиональное образование. - опыт работы по регламентации основных бизнес-процессов от 3х лет. - продвинутый пользователь ПК. - продвинутые навыки в...', 'responsibility': 'сбор, формализация и согласование требований с заказчиками. - сбор информации, описание и моделирование бизнес-процессов в Компании. - анализ эффективности и выработка...'}",,"{'id': 'fullDay', 'name': 'Полный день'}",[],[],[],False
28,70075432,False,"Консультант 1С (1С:Управление торговлей, 1С:УНФ)",,False,False,"{'id': '95', 'name': 'Тюмень', 'url': 'https://api.hh.ru/areas/95'}","{'from': 40000, 'to': None, 'currency': 'RUR', 'gross': False}","{'id': 'open', 'name': 'Открытая'}","{'city': 'Тюмень', 'street': 'улица Салтыкова-Щедрина', 'building': '44', 'description': None, 'lat': 57.142057, 'lng': 65.553273, 'raw': 'Тюмень, улица Салтыкова-Щедрина, 44', 'metro': None, 'metro_stations': [], 'id': '2295193'}",,,2022-10-12T11:42:34+0300,2022-10-12T11:42:34+0300,False,https://hh.ru/applicant/vacancy_response?vacancyId=70075432,,https://api.hh.ru/vacancies/70075432?host=hh.ru,https://api.hh.ru/vacancies/70075432/adv_response?host=hh.ru,https://hh.ru/vacancy/70075432,[],"{'id': '3248784', 'name': 'ГК ТюмБИТ', 'url': 'https://api.hh.ru/employers/3248784', 'alternate_url': 'https://hh.ru/employer/3248784', 'logo_urls': {'original': 'https://hhcdn.ru/employer-logo-original/636099.jpg', '90': 'https://hhcdn.ru/employer-logo/2985548.jpeg', '240': 'https://hhcdn.ru/employer-logo/2985549.jpeg'}, 'vacancies_url': 'https://api.hh.ru/vacancies?employer_id=3248784', 'trusted': True}","{'requirement': 'Умение работать с торговым оборудованием (ККТ, Сканеры ШК, ТСД). Знание типовых конфигураций (1С: Управление торговлей, 1С: ERP, 1...', 'responsibility': 'Консультация и обучение пользователей по функционалу ПП 1С. Удалённая работа с постоянными клиентами (анализировать замечания пользователей по результатам эксплуатации...'}",,"{'id': 'fullDay', 'name': 'Полный день'}",[],[],[],False
29,70449749,False,"Бизнес-аналитик (направление ""Девелопмент"")",,False,False,"{'id': '95', 'name': 'Тюмень', 'url': 'https://api.hh.ru/areas/95'}",,"{'id': 'open', 'name': 'Открытая'}","{'city': 'Тюмень', 'street': 'улица Газовиков', 'building': '73', 'description': None, 'lat': 57.167521, 'lng': 65.558331, 'raw': 'Тюмень, улица Газовиков, 73', 'metro': None, 'metro_stations': [], 'id': '3933581'}",,,2022-09-28T09:35:59+0300,2022-09-28T09:35:59+0300,False,https://hh.ru/applicant/vacancy_response?vacancyId=70449749,,https://api.hh.ru/vacancies/70449749?host=hh.ru,https://api.hh.ru/vacancies/70449749/adv_response?host=hh.ru,https://hh.ru/vacancy/70449749,[],"{'id': '4162557', 'name': 'Страна Девелопмент', 'url': 'https://api.hh.ru/employers/4162557', 'alternate_url': 'https://hh.ru/employer/4162557', 'logo_urls': {'original': 'https://hhcdn.ru/employer-logo-original/662049.jpg', '240': 'https://hhcdn.ru/employer-logo/3089329.jpeg', '90': 'https://hhcdn.ru/employer-logo/3089328.jpeg'}, 'vacancies_url': 'https://api.hh.ru/vacancies?employer_id=4162557', 'trusted': True}","{'requirement': 'Аналогичный опыт работы – от 2 лет в роли бизнес-аналитика. Опыт разработки регламентирующих документов (должностные инструкции, положения о подразделении, регламенты...', 'responsibility': 'Взаимодействием с заказчиками (сбор и анализ требований к продукту, выявление потребности). Формализацией и согласованием технических требований / ТЗ (с заказчиками и...'}",,"{'id': 'fullDay', 'name': 'Полный день'}",[],[],[],False
30,70160540,False,Главный специалист-аналитик,"{'id': 'gpn-39305-GSNA', 'name': 'ООО «Газпромнефть-Снабжение»'}",False,False,"{'id': '95', 'name': 'Тюмень', 'url': 'https://api.hh.ru/areas/95'}",,"{'id': 'open', 'name': 'Открытая'}",,,,2022-09-22T14:19:01+0300,2022-09-22T14:19:01+0300,False,https://hh.ru/applicant/vacancy_response?vacancyId=70160540,,https://api.hh.ru/vacancies/70160540?host=hh.ru,https://api.hh.ru/vacancies/70160540/adv_response?host=hh.ru,https://hh.ru/vacancy/70160540,[],"{'id': '39305', 'name': 'Газпром нефть', 'url': 'https://api.hh.ru/employers/39305', 'alternate_url': 'https://hh.ru/employer/39305', 'logo_urls': {'90': 'https://hhcdn.ru/employer-logo/4275796.jpeg', '240': 'https://hhcdn.ru/employer-logo/4275797.jpeg', 'original': 'https://hhcdn.ru/employer-logo-original/958817.jpg'}, 'vacancies_url': 'https://api.hh.ru/vacancies?employer_id=39305', 'trusted': True}","{'requirement': 'Обязательно: Опыт анализа больших массивов данных и анализа корневых причин отклонений. Опыт работы (не менее 1 года) на предприятиях ТЭК...', 'responsibility': 'Осуществлять подготовку регулярной отчетности по процессам управления качеством закупок в форматах Excel, Power Point и на базе QlikSense. '}",,"{'id': 'fullDay', 'name': 'Полный день'}",[],[],[],False
31,68765832,False,Системный аналитик IT (middle),,False,False,"{'id': '95', 'name': 'Тюмень', 'url': 'https://api.hh.ru/areas/95'}","{'from': 120000, 'to': None, 'currency': 'RUR', 'gross': False}","{'id': 'open', 'name': 'Открытая'}","{'city': 'Тюмень', 'street': 'Харьковская улица', 'building': '75к1', 'description': None, 'lat': 57.144259, 'lng': 65.594272, 'raw': 'Тюмень, Харьковская улица, 75к1', 'metro': None, 'metro_stations': [], 'id': '5623475'}",,,2022-10-11T08:11:09+0300,2022-10-11T08:11:09+0300,False,https://hh.ru/applicant/vacancy_response?vacancyId=68765832,,https://api.hh.ru/vacancies/68765832?host=hh.ru,https://api.hh.ru/vacancies/68765832/adv_response?host=hh.ru,https://hh.ru/vacancy/68765832,[],"{'id': '88787', 'name': 'Восток.Софт', 'url': 'https://api.hh.ru/employers/88787', 'alternate_url': 'https://hh.ru/employer/88787', 'logo_urls': {'original': 'https://hhcdn.ru/employer-logo-original/1004147.png', '90': 'https://hhcdn.ru/employer-logo/5637368.png', '240': 'https://hhcdn.ru/employer-logo/5637369.png'}, 'vacancies_url': 'https://api.hh.ru/vacancies?employer_id=88787', 'trusted': True}","{'requirement': 'Опыт разработки и описания бизнес-процессов as is, to be. Умение проводить экспресс оценку требований. Уверенные знания и опыт работы...', 'responsibility': 'Участием в проектировании и анализе архитектуры системы и клиентского пути. Взаимодействием со смежными командами. Проведением анализа и проектирования интеграционных взаимодействий...'}",,"{'id': 'fullDay', 'name': 'Полный день'}",[],[],[],False
32,69943913,False,Web Аналитик / Маркетолог,,False,False,"{'id': '95', 'name': 'Тюмень', 'url': 'https://api.hh.ru/areas/95'}","{'from': 30000, 'to': 70000, 'currency': 'RUR', 'gross': False}","{'id': 'open', 'name': 'Открытая'}","{'city': 'Тюмень', 'street': 'улица Мельникайте', 'building': '137', 'description': None, 'lat': 57.1217490665, 'lng': 65.5498001679, 'raw': 'Тюмень, улица Мельникайте, 137', 'metro': None, 'metro_stations': [], 'id': '3419792'}",,,2022-10-10T08:38:47+0300,2022-10-10T08:38:47+0300,False,https://hh.ru/applicant/vacancy_response?vacancyId=69943913,,https://api.hh.ru/vacancies/69943913?host=hh.ru,https://api.hh.ru/vacancies/69943913/adv_response?host=hh.ru,https://hh.ru/vacancy/69943913,[],"{'id': '4442947', 'name': 'Lead.Media', 'url': 'https://api.hh.ru/employers/4442947', 'alternate_url': 'https://hh.ru/employer/4442947', 'logo_urls': {'90': 'https://hhcdn.ru/employer-logo/5391140.png', '240': 'https://hhcdn.ru/employer-logo/5391141.png', 'original': 'https://hhcdn.ru/employer-logo-original/964280.png'}, 'vacancies_url': 'https://api.hh.ru/vacancies?employer_id=4442947', 'trusted': True}","{'requirement': 'Знание систем аналитики - Яндекс.Метрика, Google Analytics, Google Analytics 4. Умение проверять наличие счетчиков и пикселей на сайте, отладка работы целей...', 'responsibility': 'Основная задача - повышение конверсии наших сайтов. Веб-аналитика: настройка и проверка целей, электронной коммерции, GTM. Сквозная аналитика: подключение источников, коллтрекинга...'}",,"{'id': 'fullDay', 'name': 'Полный день'}",[],[],[],False
33,68887341,False,Специалист отдела методологии (Бизнес-аналитик),,False,False,"{'id': '95', 'name': 'Тюмень', 'url': 'https://api.hh.ru/areas/95'}","{'from': 60000, 'to': None, 'currency': 'RUR', 'gross': False}","{'id': 'open', 'name': 'Открытая'}","{'city': 'Тюмень', 'street': 'Центральный округ, Северная улица', 'building': '32А', 'description': None, 'lat': 57.151208, 'lng': 65.557486, 'raw': 'Тюмень, Центральный округ, Северная улица, 32А', 'metro': None, 'metro_stations': [], 'id': '627598'}",,,2022-10-10T14:45:16+0300,2022-10-10T14:45:16+0300,False,https://hh.ru/applicant/vacancy_response?vacancyId=68887341,,https://api.hh.ru/vacancies/68887341?host=hh.ru,https://api.hh.ru/vacancies/68887341/adv_response?host=hh.ru,https://hh.ru/vacancy/68887341,[],"{'id': '88787', 'name': 'Восток.Софт', 'url': 'https://api.hh.ru/employers/88787', 'alternate_url': 'https://hh.ru/employer/88787', 'logo_urls': {'original': 'https://hhcdn.ru/employer-logo-original/1004147.png', '90': 'https://hhcdn.ru/employer-logo/5637368.png', '240': 'https://hhcdn.ru/employer-logo/5637369.png'}, 'vacancies_url': 'https://api.hh.ru/vacancies?employer_id=88787', 'trusted': True}","{'requirement': 'Высшее математическое / техническое / экономическое образование. Опыт написания технических заданий. Способность анализировать и структурировать информацию, системное мышление. Умение работать в режиме...', 'responsibility': 'Сбор и анализ функциональных требований бизнеса, преобразование бизнес-требований пользователей в конкретные требования к функциям с целью автоматизации и внедрения...'}",,"{'id': 'fullDay', 'name': 'Полный день'}",[],[],[],False
34,70232417,False,Системный аналитик регламентированного учета,,False,False,"{'id': '95', 'name': 'Тюмень', 'url': 'https://api.hh.ru/areas/95'}",,"{'id': 'open', 'name': 'Открытая'}",,,,2022-09-23T17:41:39+0300,2022-09-23T17:41:39+0300,False,https://hh.ru/applicant/vacancy_response?vacancyId=70232417,,https://api.hh.ru/vacancies/70232417?host=hh.ru,https://api.hh.ru/vacancies/70232417/adv_response?host=hh.ru,https://hh.ru/vacancy/70232417,[],"{'id': '3968', 'name': 'Уральская горно-металлургическая компания', 'url': 'https://api.hh.ru/employers/3968', 'alternate_url': 'https://hh.ru/employer/3968', 'logo_urls': {'240': 'https://hhcdn.ru/employer-logo/1649323.jpeg', 'original': 'https://hhcdn.ru/employer-logo-original/301737.jpg', '90': 'https://hhcdn.ru/employer-logo/1649322.jpeg'}, 'vacancies_url': 'https://api.hh.ru/vacancies?employer_id=3968', 'trusted': True}","{'requirement': 'Опыт участия в проектах 1С в роли аналитика от 3 лет. Не менее 3-х завершенных проектов 1С...', 'responsibility': 'Развитие существующих и создание собственных информационных систем. Разработка новых отраслевых решений на базе 1С. Разработка и внедрение мобильных приложений...'}",,"{'id': 'fullDay', 'name': 'Полный день'}",[],[],[],False
35,70232492,False,Системный аналитик 1С:ЗУП,,False,False,"{'id': '95', 'name': 'Тюмень', 'url': 'https://api.hh.ru/areas/95'}",,"{'id': 'open', 'name': 'Открытая'}",,,,2022-09-23T17:42:06+0300,2022-09-23T17:42:06+0300,False,https://hh.ru/applicant/vacancy_response?vacancyId=70232492,,https://api.hh.ru/vacancies/70232492?host=hh.ru,https://api.hh.ru/vacancies/70232492/adv_response?host=hh.ru,https://hh.ru/vacancy/70232492,[],"{'id': '3968', 'name': 'Уральская горно-металлургическая компания', 'url': 'https://api.hh.ru/employers/3968', 'alternate_url': 'https://hh.ru/employer/3968', 'logo_urls': {'240': 'https://hhcdn.ru/employer-logo/1649323.jpeg', 'original': 'https://hhcdn.ru/employer-logo-original/301737.jpg', '90': 'https://hhcdn.ru/employer-logo/1649322.jpeg'}, 'vacancies_url': 'https://api.hh.ru/vacancies?employer_id=3968', 'trusted': True}","{'requirement': 'Опыт участия в проектах «1С:ЗУП» в роли аналитика от 3 лет. Не менее 3-х завершенных проектов в...', 'responsibility': 'Развитие существующих и создание собственных информационных систем. Разработка новых отраслевых решений на базе 1С. Разработка и внедрение мобильных приложений...'}",,"{'id': 'fullDay', 'name': 'Полный день'}",[],[],[],False
36,68850397,False,Бизнес-аналитик,,False,False,"{'id': '95', 'name': 'Тюмень', 'url': 'https://api.hh.ru/areas/95'}","{'from': None, 'to': 150000, 'currency': 'RUR', 'gross': False}","{'id': 'open', 'name': 'Открытая'}",,,,2022-10-12T11:02:42+0300,2022-10-12T11:02:42+0300,False,https://hh.ru/applicant/vacancy_response?vacancyId=68850397,,https://api.hh.ru/vacancies/68850397?host=hh.ru,https://api.hh.ru/vacancies/68850397/adv_response?host=hh.ru,https://hh.ru/vacancy/68850397,[],"{'id': '654435', 'name': 'Spice Agency', 'url': 'https://api.hh.ru/employers/654435', 'alternate_url': 'https://hh.ru/employer/654435', 'logo_urls': {'240': 'https://hhcdn.ru/employer-logo/2246064.jpeg', '90': 'https://hhcdn.ru/employer-logo/2246063.jpeg', 'original': 'https://hhcdn.ru/employer-logo-original/451024.jpg'}, 'vacancies_url': 'https://api.hh.ru/vacancies?employer_id=654435', 'trusted': True}","{'requirement': 'Опыт работы в качестве бизнес-аналитика от 2 лет. Опыт работы с 1С: Кадровое дело производстов или Зарплата и...', 'responsibility': 'Анализ и формализация требований бизнеса. Построение и визуализация бизнес-процессов, алгоритмов, потоков данных, пользовательских сценариев. Анализ данных на непротиворечивость, выявление...'}",,"{'id': 'fullDay', 'name': 'Полный день'}",[],[],[],False
37,69939186,False,Системный аналитик,,False,False,"{'id': '95', 'name': 'Тюмень', 'url': 'https://api.hh.ru/areas/95'}",,"{'id': 'open', 'name': 'Открытая'}","{'city': 'Тюмень', 'street': 'улица Пермякова', 'building': '1с5', 'description': None, 'lat': 57.132376, 'lng': 65.6026, 'raw': 'Тюмень, улица Пермякова, 1с5', 'metro': None, 'metro_stations': [], 'id': '434122'}",,,2022-09-19T06:48:52+0300,2022-09-19T06:48:52+0300,False,https://hh.ru/applicant/vacancy_response?vacancyId=69939186,,https://api.hh.ru/vacancies/69939186?host=hh.ru,https://api.hh.ru/vacancies/69939186/adv_response?host=hh.ru,https://hh.ru/vacancy/69939186,[],"{'id': '588180', 'name': 'Энерготехсервис', 'url': 'https://api.hh.ru/employers/588180', 'alternate_url': 'https://hh.ru/employer/588180', 'logo_urls': {'90': 'https://hhcdn.ru/employer-logo/1888082.png', 'original': 'https://hhcdn.ru/employer-logo-original/361456.png', '240': 'https://hhcdn.ru/employer-logo/1888083.png'}, 'vacancies_url': 'https://api.hh.ru/vacancies?employer_id=588180', 'trusted': True}","{'requirement': 'Законченное высшее образование по ИТ направлениям. Обязателен опыт работы в аналогичной должности от 3 лет. Знания различных методологий аналитики. ', 'responsibility': 'Анализ, экспертиза и выработка проектных решений по направлению цифровизации. Описание бизнес-процессов и логических схем предметных областей. Постановка задач разработчикам...'}",,"{'id': 'fullDay', 'name': 'Полный день'}",[],[],[],False
38,70106466,False,Главный специалист центра исследований керна и пластовых флюидов,,False,False,"{'id': '95', 'name': 'Тюмень', 'url': 'https://api.hh.ru/areas/95'}",,"{'id': 'open', 'name': 'Открытая'}","{'city': 'Тюмень', 'street': 'улица Осипенко', 'building': '79/1', 'description': None, 'lat': 57.156836, 'lng': 65.560047, 'raw': 'Тюмень, улица Осипенко, 79/1', 'metro': None, 'metro_stations': [], 'id': '602303'}",,,2022-09-21T15:07:10+0300,2022-09-21T15:07:10+0300,False,https://hh.ru/applicant/vacancy_response?vacancyId=70106466,,https://api.hh.ru/vacancies/70106466?host=hh.ru,https://api.hh.ru/vacancies/70106466/adv_response?host=hh.ru,https://hh.ru/vacancy/70106466,[],"{'id': '1293907', 'name': 'Тюменский нефтяной научный центр', 'url': 'https://api.hh.ru/employers/1293907', 'alternate_url': 'https://hh.ru/employer/1293907', 'logo_urls': {'240': 'https://hhcdn.ru/employer-logo/3540812.png', '90': 'https://hhcdn.ru/employer-logo/3540811.png', 'original': 'https://hhcdn.ru/employer-logo-original/774980.gif'}, 'vacancies_url': 'https://api.hh.ru/vacancies?employer_id=1293907', 'trusted': True}","{'requirement': 'Высшее профильное (нефтегазовое) образование. Опыт работы в области лабораторных исследований керна и пластовых флюидов. MS Office: Excel (навык и опыт...', 'responsibility': 'Формирование программ исследования керна и пластовых флюидов из поисково-разведочных и эксплуатационных скважин. Контроль количества и качества исследований, систематизация результатов...'}",,"{'id': 'fullDay', 'name': 'Полный день'}",[],[],[],False
39,70200093,False,Бизнес-аналитик,,False,False,"{'id': '95', 'name': 'Тюмень', 'url': 'https://api.hh.ru/areas/95'}",,"{'id': 'open', 'name': 'Открытая'}","{'city': 'Тюмень', 'street': 'Солнечный проезд', 'building': '23А', 'description': None, 'lat': 57.179958, 'lng': 65.566164, 'raw': 'Тюмень, Солнечный проезд, 23А', 'metro': None, 'metro_stations': [], 'id': '5856386'}",,,2022-10-11T10:12:16+0300,2022-10-11T10:12:16+0300,False,https://hh.ru/applicant/vacancy_response?vacancyId=70200093,,https://api.hh.ru/vacancies/70200093?host=hh.ru,https://api.hh.ru/vacancies/70200093/adv_response?host=hh.ru,https://hh.ru/vacancy/70200093,[],"{'id': '3683903', 'name': 'Элемент 5 Нефтегаз', 'url': 'https://api.hh.ru/employers/3683903', 'alternate_url': 'https://hh.ru/employer/3683903', 'logo_urls': {'90': 'https://hhcdn.ru/employer-logo/4028115.jpeg', '240': 'https://hhcdn.ru/employer-logo/4028116.jpeg', 'original': 'https://hhcdn.ru/employer-logo-original/896857.jpg'}, 'vacancies_url': 'https://api.hh.ru/vacancies?employer_id=3683903', 'trusted': True}","{'requirement': 'Высшее образование (IT, экономика, прикладная математика). Релевантный опыт работы от 2-х лет в роли бизнес-аналитика ИТ и ЦТ...', 'responsibility': 'Разрабатывать всю необходимую документацию по продукту и поддерживать ее в актуальном состоянии. Выявлять, анализировать и документировать требования. Формировать User Story...'}",,"{'id': 'fullDay', 'name': 'Полный день'}",[],[],[],True
40,70232224,False,Системный аналитик 1С:ЗУП,,False,False,"{'id': '95', 'name': 'Тюмень', 'url': 'https://api.hh.ru/areas/95'}",,"{'id': 'open', 'name': 'Открытая'}",,,,2022-09-23T17:40:23+0300,2022-09-23T17:40:23+0300,False,https://hh.ru/applicant/vacancy_response?vacancyId=70232224,,https://api.hh.ru/vacancies/70232224?host=hh.ru,https://api.hh.ru/vacancies/70232224/adv_response?host=hh.ru,https://hh.ru/vacancy/70232224,[],"{'id': '3968', 'name': 'Уральская горно-металлургическая компания', 'url': 'https://api.hh.ru/employers/3968', 'alternate_url': 'https://hh.ru/employer/3968', 'logo_urls': {'240': 'https://hhcdn.ru/employer-logo/1649323.jpeg', 'original': 'https://hhcdn.ru/employer-logo-original/301737.jpg', '90': 'https://hhcdn.ru/employer-logo/1649322.jpeg'}, 'vacancies_url': 'https://api.hh.ru/vacancies?employer_id=3968', 'trusted': True}","{'requirement': 'Опыт участия в проектах «1С:ЗУП» в роли аналитика от 3 лет. Не менее 3-х завершенных проектов в...', 'responsibility': 'Развитие существующих и создание собственных информационных систем. Разработка новых отраслевых решений на базе 1С. Разработка и внедрение мобильных приложений...'}",,"{'id': 'fullDay', 'name': 'Полный день'}",[],[],[],False
41,70212133,False,Системный аналитик 1С:ЗУП,,False,False,"{'id': '95', 'name': 'Тюмень', 'url': 'https://api.hh.ru/areas/95'}",,"{'id': 'open', 'name': 'Открытая'}",,,,2022-09-23T12:59:33+0300,2022-09-23T12:59:33+0300,False,https://hh.ru/applicant/vacancy_response?vacancyId=70212133,,https://api.hh.ru/vacancies/70212133?host=hh.ru,https://api.hh.ru/vacancies/70212133/adv_response?host=hh.ru,https://hh.ru/vacancy/70212133,[],"{'id': '3968', 'name': 'Уральская горно-металлургическая компания', 'url': 'https://api.hh.ru/employers/3968', 'alternate_url': 'https://hh.ru/employer/3968', 'logo_urls': {'240': 'https://hhcdn.ru/employer-logo/1649323.jpeg', 'original': 'https://hhcdn.ru/employer-logo-original/301737.jpg', '90': 'https://hhcdn.ru/employer-logo/1649322.jpeg'}, 'vacancies_url': 'https://api.hh.ru/vacancies?employer_id=3968', 'trusted': True}","{'requirement': 'Опыт участия в проектах «1С:ЗУП» в роли аналитика от 3 лет. Не менее 3-х завершенных проектов в...', 'responsibility': 'Развитие существующих и создание собственных информационных систем. Разработка новых отраслевых решений на базе 1С. Разработка и внедрение мобильных приложений...'}",,"{'id': 'fullDay', 'name': 'Полный день'}",[],[],[],False
42,66527397,False,Веб-дизайнер (CRO-специалист),,False,False,"{'id': '95', 'name': 'Тюмень', 'url': 'https://api.hh.ru/areas/95'}",,"{'id': 'open', 'name': 'Открытая'}",,,,2022-10-12T06:59:52+0300,2022-10-12T06:59:52+0300,False,https://hh.ru/applicant/vacancy_response?vacancyId=66527397,,https://api.hh.ru/vacancies/66527397?host=hh.ru,https://api.hh.ru/vacancies/66527397/adv_response?host=hh.ru,https://hh.ru/vacancy/66527397,[],"{'id': '867866', 'name': 'IQ GROUP', 'url': 'https://api.hh.ru/employers/867866', 'alternate_url': 'https://hh.ru/employer/867866', 'logo_urls': {'original': 'https://hhcdn.ru/employer-logo-original/898250.png', '90': 'https://hhcdn.ru/employer-logo/4033687.png', '240': 'https://hhcdn.ru/employer-logo/4033688.png'}, 'vacancies_url': 'https://api.hh.ru/vacancies?employer_id=867866', 'trusted': True}","{'requirement': 'Опыт работы в качестве CRO-специалиста/веб-дизайнера не менее 2 лет. Знания Google Analytics, Яндекс.Метрика и других инструментов аналитики. ', 'responsibility': 'Проведение юзабилити-аудитов, поиск точек роста конверсии сайта. Анализ пути пользователя до совершения конверсии (user story). Анализ ЦА клиента (исследование...'}",,"{'id': 'fullDay', 'name': 'Полный день'}",[],[],[],True
43,68440570,False,Менеджер по качеству со знанием азербайджанского языка,,False,False,"{'id': '95', 'name': 'Тюмень', 'url': 'https://api.hh.ru/areas/95'}","{'from': 35000, 'to': None, 'currency': 'RUR', 'gross': False}","{'id': 'open', 'name': 'Открытая'}","{'city': 'Тюмень', 'street': 'улица Герцена', 'building': '72с1', 'description': None, 'lat': 57.150631, 'lng': 65.534579, 'raw': 'Тюмень, улица Герцена, 72с1', 'metro': None, 'metro_stations': [], 'id': '6196982'}",,,2022-10-04T14:19:56+0300,2022-10-04T14:19:56+0300,False,https://hh.ru/applicant/vacancy_response?vacancyId=68440570,,https://api.hh.ru/vacancies/68440570?host=hh.ru,https://api.hh.ru/vacancies/68440570/adv_response?host=hh.ru,https://hh.ru/vacancy/68440570,[],"{'id': '912307', 'name': 'Компания maxim', 'url': 'https://api.hh.ru/employers/912307', 'alternate_url': 'https://hh.ru/employer/912307', 'logo_urls': {'original': 'https://hhcdn.ru/employer-logo-original/771753.png', '90': 'https://hhcdn.ru/employer-logo/3527969.png', '240': 'https://hhcdn.ru/employer-logo/3527970.png'}, 'vacancies_url': 'https://api.hh.ru/vacancies?employer_id=912307', 'trusted': True}","{'requirement': 'умеете планировать и организовывать рабочее время. - готовы принимать самостоятельные решения. - способны выполнять несколько задач одновременно.', 'responsibility': 'контроль работы сотрудников. - анализ ошибок. - работа со статистическими данными по направлению. - взаимодействие с руководителями подразделений, другими отделами и кураторами стран.'}",,"{'id': 'fullDay', 'name': 'Полный день'}",[],[],[],False
44,54613980,False,Заместитель руководителя отдела аналитики,,False,False,"{'id': '95', 'name': 'Тюмень', 'url': 'https://api.hh.ru/areas/95'}","{'from': 100000, 'to': None, 'currency': 'RUR', 'gross': True}","{'id': 'open', 'name': 'Открытая'}",,,,2022-10-11T07:25:30+0300,2022-10-11T07:25:30+0300,False,https://hh.ru/applicant/vacancy_response?vacancyId=54613980,,https://api.hh.ru/vacancies/54613980?host=hh.ru,https://api.hh.ru/vacancies/54613980/adv_response?host=hh.ru,https://hh.ru/vacancy/54613980,[],"{'id': '669587', 'name': 'Этажи, федеральная компания', 'url': 'https://api.hh.ru/employers/669587', 'alternate_url': 'https://hh.ru/employer/669587', 'logo_urls': {'240': 'https://hhcdn.ru/employer-logo/817032.jpeg', '90': 'https://hhcdn.ru/employer-logo/817031.jpeg', 'original': 'https://hhcdn.ru/employer-logo-original/154950.JPG'}, 'vacancies_url': 'https://api.hh.ru/vacancies?employer_id=669587', 'trusted': True}","{'requirement': 'Успешный опыт руководства проектами, построения коммуникаций в рамках проекта. Аналитический склад ума. Опыт постановки регулярного менеджмента. Глубокое знание Excel (сложные...', 'responsibility': 'Аудит, построение, моделирование и визуализация бизнес-процессов, алгоритмов, потоков данных. Анализ внутренней информации компании, оценка динамики и тенденций продаж и...'}",,"{'id': 'fullDay', 'name': 'Полный день'}",[],[],[],False
45,69601355,False,Ведущий специалист отдела методологии (Бизнес-аналитик),,False,False,"{'id': '95', 'name': 'Тюмень', 'url': 'https://api.hh.ru/areas/95'}","{'from': 70000, 'to': None, 'currency': 'RUR', 'gross': False}","{'id': 'open', 'name': 'Открытая'}","{'city': 'Тюмень', 'street': 'Центральный округ, Северная улица', 'building': '32А', 'description': None, 'lat': 57.151208, 'lng': 65.557486, 'raw': 'Тюмень, Центральный округ, Северная улица, 32А', 'metro': None, 'metro_stations': [], 'id': '627598'}",,,2022-10-11T09:03:01+0300,2022-10-11T09:03:01+0300,False,https://hh.ru/applicant/vacancy_response?vacancyId=69601355,,https://api.hh.ru/vacancies/69601355?host=hh.ru,https://api.hh.ru/vacancies/69601355/adv_response?host=hh.ru,https://hh.ru/vacancy/69601355,[],"{'id': '88787', 'name': 'Восток.Софт', 'url': 'https://api.hh.ru/employers/88787', 'alternate_url': 'https://hh.ru/employer/88787', 'logo_urls': {'original': 'https://hhcdn.ru/employer-logo-original/1004147.png', '90': 'https://hhcdn.ru/employer-logo/5637368.png', '240': 'https://hhcdn.ru/employer-logo/5637369.png'}, 'vacancies_url': 'https://api.hh.ru/vacancies?employer_id=88787', 'trusted': True}","{'requirement': 'Высшее математическое / техническое / экономическое образование. Опыт написания технических заданий. Способность анализировать и структурировать информацию, системное мышление. Умение работать в режиме...', 'responsibility': 'Сбор и анализ функциональных требований бизнеса, преобразование бизнес-требований пользователей в конкретные требования к функциям с целью автоматизации и внедрения...'}",,"{'id': 'fullDay', 'name': 'Полный день'}",[],[],[],False
46,70358482,False,Специалист по внедрению 1С:WMS,,False,False,"{'id': '95', 'name': 'Тюмень', 'url': 'https://api.hh.ru/areas/95'}","{'from': 75000, 'to': 110000, 'currency': 'RUR', 'gross': False}","{'id': 'open', 'name': 'Открытая'}",,,,2022-09-26T14:28:59+0300,2022-09-26T14:28:59+0300,False,https://hh.ru/applicant/vacancy_response?vacancyId=70358482,,https://api.hh.ru/vacancies/70358482?host=hh.ru,https://api.hh.ru/vacancies/70358482/adv_response?host=hh.ru,https://hh.ru/vacancy/70358482,[],"{'id': '605002', 'name': 'Ситек', 'url': 'https://api.hh.ru/employers/605002', 'alternate_url': 'https://hh.ru/employer/605002', 'logo_urls': {'original': 'https://hhcdn.ru/employer-logo-original/689348.png', '240': 'https://hhcdn.ru/employer-logo/3198525.png', '90': 'https://hhcdn.ru/employer-logo/3198524.png'}, 'vacancies_url': 'https://api.hh.ru/vacancies?employer_id=605002', 'trusted': True}","{'requirement': 'Наличие высшего образования. Опыт внедрения ПП 1С. Понимание предметной области (продажи/закупки/склад). Желателен опыт обучения пользователей. ', 'responsibility': 'Проведение предпроектных обследований с выездом к Заказчику. Проработка методологии учета процессов Заказчика и моделирование в ПП 1С:WMS. '}",,"{'id': 'remote', 'name': 'Удаленная работа'}",[],[],[],False
47,70008494,False,Аналитик пресейла,,False,False,"{'id': '95', 'name': 'Тюмень', 'url': 'https://api.hh.ru/areas/95'}",,"{'id': 'open', 'name': 'Открытая'}",,,,2022-10-07T12:25:31+0300,2022-10-07T12:25:31+0300,False,https://hh.ru/applicant/vacancy_response?vacancyId=70008494,,https://api.hh.ru/vacancies/70008494?host=hh.ru,https://api.hh.ru/vacancies/70008494/adv_response?host=hh.ru,https://hh.ru/vacancy/70008494,[],"{'id': '2488771', 'name': 'Directum', 'url': 'https://api.hh.ru/employers/2488771', 'alternate_url': 'https://hh.ru/employer/2488771', 'logo_urls': {'90': 'https://hhcdn.ru/employer-logo/3312020.png', '240': 'https://hhcdn.ru/employer-logo/3312021.png', 'original': 'https://hhcdn.ru/employer-logo-original/717726.png'}, 'vacancies_url': 'https://api.hh.ru/vacancies?employer_id=2488771', 'trusted': True}","{'requirement': 'Законченное высшее техническое или экономическое образование. Знания современных систем автоматизации бизнес-процессов и бизнес-задач. Опыт в проектах по оптимизации...', 'responsibility': 'Выбор нашего продукта и заключение сделки с клиентом. Успех внедрения. Удовлетворенность заказчика. Анализировать технические задания и требования клиентов, погружаться в...'}",,"{'id': 'fullDay', 'name': 'Полный день'}",[],[],[],False
48,69711494,False,Ведущий консультант 1С (Регламентированный учет),,False,False,"{'id': '95', 'name': 'Тюмень', 'url': 'https://api.hh.ru/areas/95'}",,"{'id': 'open', 'name': 'Открытая'}",,,,2022-10-11T09:56:37+0300,2022-10-11T09:56:37+0300,False,https://hh.ru/applicant/vacancy_response?vacancyId=69711494,,https://api.hh.ru/vacancies/69711494?host=hh.ru,https://api.hh.ru/vacancies/69711494/adv_response?host=hh.ru,https://hh.ru/vacancy/69711494,[],"{'id': '605002', 'name': 'Ситек', 'url': 'https://api.hh.ru/employers/605002', 'alternate_url': 'https://hh.ru/employer/605002', 'logo_urls': {'original': 'https://hhcdn.ru/employer-logo-original/689348.png', '240': 'https://hhcdn.ru/employer-logo/3198525.png', '90': 'https://hhcdn.ru/employer-logo/3198524.png'}, 'vacancies_url': 'https://api.hh.ru/vacancies?employer_id=605002', 'trusted': True}","{'requirement': 'Знание и опыт работы в программных продуктах 1С: ERP, 1С:Комплексная автоматизация; большим плюсом будет наличие опыта участия...', 'responsibility': 'Участие в проектах по внедрению программных продуктов 1С:ERP, 1С:КА (блок ""Регламентированный учет""). Обследование процесса учёта на...'}",,"{'id': 'remote', 'name': 'Удаленная работа'}",[],[],[],False
